Post ID,Joris,Tanja,Provided
cpx9gwv,N,N,N
cpx9h7n,N,N,N
cpx9lll,P,P,P
cpx9oyg,N,P,P
cpx9qig,P,N,
cpx9row,N,N,N
cpx9s3u,P,P,P
cpx9seg,P,N,N
cpx9six,N,P,?
cpx9udo,N,P,N
cpx9vit,P,P,?
cpxa30f,P,P,P
cpxa3ot,N,N,N
cpxa8l4,N,N,N
cpxabr1,P,P,P
cpxahi3,P,P,P
cpxaiqm,P,P,P
cpxajv6,P,P,P
cpxasgh,N,N,N
cpxatdy,P,P,?
cpxaw5b,N,P,N
cpxawx3,P,N,N
cpxay9o,N,P,P
cpxazs2,P,N,N
cpxb14g,P,N,?
cpxb20g,P,P,P
cpxb2qo,N,N,P
cpxb2tv,N,N,N
cpxb8ur,P,P,N
cpxbaq1,N,N,N
cpxbbko,P,P,P
cpxbm4f,P,N,P
cpxbpe4,N,P,P
cpxbub2,P,N,
cpxbwdh,P,N,
cpxbz3a,P,N,?
cpxc52z,P,P,P
cpxc87l,P,P,N
cpxc8un,N,N,N
cpxcjdh,P,P,P
cpxcknl,P,P,N
cpxcli0,P,P,P
cpxcpxc,N,N,P
cpxcpzr,N,N,N
cpxcr85,P,P,P
cpxcrb6,N,P,N
cpxcueb,P,N,
cpxcuna,N,P,N
cpxcvdm,P,P,P
cpxcvts,N,N,N
cpxcwvu,,,
cpxcyj0,,,
cpxczmg,,,
cpxd0yg,,,
cpxd3o9,,,
cpxd59v,,,
cpxd5dr,,,
cpxd6xy,,,
cpxd89o,,,
cpxdcuw,,,
cpxdd63,,,
cpxddpt,,,
cpxdkwx,,,
cpxdn8z,,,
cpxe01l,,,
cpxe6lz,,,
cpxe9pm,,,
cpxefsk,,,
cpxes9o,,,
cpxet5a,,,
cpxf05l,,,
cpxf0tw,,,
cpxf9iy,,,
cpxfckb,,,
cpxfedw,,,
cpxfetf,,,
cpxfg4z,,,
cpxfkh7,,,
cpxflv4,,,
cpxfmsu,,,
cpxfmxb,,,
cpxfnc3,,,
cpxfojg,,,
cpxfpjm,,,
cpxftt5,,,
cpxfvqw,,,
cpxfw77,,,
cpxfy7v,,,
cpxfzpm,,,
cpxg5av,,,
cpxg6m4,,,
cpxgd3r,,,
cpxge2k,,,
cpxgeoo,,,
cpxgf0o,,,
cpxgk2u,,,
cpxgnbk,,,
cpxgrcq,,,
cpxgsbc,,,
cpxgvf2,,,
cpxgx8g,,,
cpxh4zw,,,
cpxh94j,,,
cpxh9op,,,
cpxhdpq,,,
cpxhr7x,,,
cpxhygr,,,
cpxkw95,,,
cpxm85z,,,
cpxnc7v,,,
cpxpyuy,,,
cpxuaft,,,
